"trainer/global_step","wandering-galaxy-59 - _step","wandering-galaxy-59 - _step__MIN","wandering-galaxy-59 - _step__MAX","wandering-galaxy-59 - val_entropy_loss","wandering-galaxy-59 - val_entropy_loss__MIN","wandering-galaxy-59 - val_entropy_loss__MAX"
"49","5","5","5","2.836859941482544","2.836859941482544","2.836859941482544"
"99","11","11","11","1.5046395063400269","1.5046395063400269","1.5046395063400269"
"149","17","17","17","1.3969063758850098","1.3969063758850098","1.3969063758850098"
"199","23","23","23","1.3663866519927979","1.3663866519927979","1.3663866519927979"
"249","29","29","29","1.348710536956787","1.348710536956787","1.348710536956787"
"299","35","35","35","1.3394559621810913","1.3394559621810913","1.3394559621810913"
"349","41","41","41","1.3333594799041748","1.3333594799041748","1.3333594799041748"
"399","47","47","47","1.3307963609695435","1.3307963609695435","1.3307963609695435"
"449","53","53","53","1.3260583877563477","1.3260583877563477","1.3260583877563477"
"499","59","59","59","1.3214495182037354","1.3214495182037354","1.3214495182037354"
"549","65","65","65","1.3171677589416504","1.3171677589416504","1.3171677589416504"
"599","71","71","71","1.3143233060836792","1.3143233060836792","1.3143233060836792"
"649","77","77","77","1.3114745616912842","1.3114745616912842","1.3114745616912842"
"699","83","83","83","1.3098007440567017","1.3098007440567017","1.3098007440567017"
"749","89","89","89","1.3079829216003418","1.3079829216003418","1.3079829216003418"
"799","95","95","95","1.3067198991775513","1.3067198991775513","1.3067198991775513"
"849","101","101","101","1.3061703443527222","1.3061703443527222","1.3061703443527222"
"899","107","107","107","1.304990530014038","1.304990530014038","1.304990530014038"
"949","113","113","113","1.3036234378814697","1.3036234378814697","1.3036234378814697"
"999","119","119","119","1.3019636869430542","1.3019636869430542","1.3019636869430542"
"1049","125","125","125","1.3008017539978027","1.3008017539978027","1.3008017539978027"
"1099","131","131","131","1.3004209995269775","1.3004209995269775","1.3004209995269775"
"1149","137","137","137","1.2982118129730225","1.2982118129730225","1.2982118129730225"
"1199","143","143","143","1.297933578491211","1.297933578491211","1.297933578491211"
"1249","149","149","149","1.2967702150344849","1.2967702150344849","1.2967702150344849"
"1299","155","155","155","1.2955260276794434","1.2955260276794434","1.2955260276794434"
"1349","161","161","161","1.2942211627960205","1.2942211627960205","1.2942211627960205"
"1399","167","167","167","1.292880892753601","1.292880892753601","1.292880892753601"
"1449","173","173","173","1.2926764488220215","1.2926764488220215","1.2926764488220215"
"1499","179","179","179","1.291670560836792","1.291670560836792","1.291670560836792"
"1549","185","185","185","1.2906455993652344","1.2906455993652344","1.2906455993652344"
"1599","191","191","191","1.2908096313476562","1.2908096313476562","1.2908096313476562"
"1649","197","197","197","1.2887282371520996","1.2887282371520996","1.2887282371520996"
"1699","203","203","203","1.288706660270691","1.288706660270691","1.288706660270691"
"1749","209","209","209","1.287880301475525","1.287880301475525","1.287880301475525"
"1799","215","215","215","1.2876250743865967","1.2876250743865967","1.2876250743865967"
"1849","221","221","221","1.287097692489624","1.287097692489624","1.287097692489624"
"1899","227","227","227","1.2863502502441406","1.2863502502441406","1.2863502502441406"
"1949","233","233","233","1.2860898971557617","1.2860898971557617","1.2860898971557617"
"1999","239","239","239","1.2849955558776855","1.2849955558776855","1.2849955558776855"
"2049","245","245","245","1.2847270965576172","1.2847270965576172","1.2847270965576172"
"2099","251","251","251","1.284008502960205","1.284008502960205","1.284008502960205"
"2149","257","257","257","1.2849266529083252","1.2849266529083252","1.2849266529083252"
"2199","263","263","263","1.284726858139038","1.284726858139038","1.284726858139038"
"2249","269","269","269","1.2831372022628784","1.2831372022628784","1.2831372022628784"
"2299","275","275","275","1.2829396724700928","1.2829396724700928","1.2829396724700928"
"2349","281","281","281","1.2827179431915283","1.2827179431915283","1.2827179431915283"
"2399","287","287","287","1.2821390628814697","1.2821390628814697","1.2821390628814697"
"2449","293","293","293","1.2817652225494385","1.2817652225494385","1.2817652225494385"
"2499","299","299","299","1.2816343307495117","1.2816343307495117","1.2816343307495117"
"2549","305","305","305","1.2811975479125977","1.2811975479125977","1.2811975479125977"
"2599","311","311","311","1.2811806201934814","1.2811806201934814","1.2811806201934814"
"2649","317","317","317","1.2802927494049072","1.2802927494049072","1.2802927494049072"
"2699","323","323","323","1.2798240184783936","1.2798240184783936","1.2798240184783936"
"2749","329","329","329","1.2798949480056763","1.2798949480056763","1.2798949480056763"
"2799","335","335","335","1.2795987129211426","1.2795987129211426","1.2795987129211426"
"2849","341","341","341","1.2799570560455322","1.2799570560455322","1.2799570560455322"
"2899","347","347","347","1.2792946100234985","1.2792946100234985","1.2792946100234985"
"2949","353","353","353","1.2789766788482666","1.2789766788482666","1.2789766788482666"
"2999","359","359","359","1.2784147262573242","1.2784147262573242","1.2784147262573242"
"3049","365","365","365","1.2783437967300415","1.2783437967300415","1.2783437967300415"
"3099","371","371","371","1.277565836906433","1.277565836906433","1.277565836906433"
"3149","377","377","377","1.2778116464614868","1.2778116464614868","1.2778116464614868"
"3199","383","383","383","1.2783458232879639","1.2783458232879639","1.2783458232879639"
"3249","389","389","389","1.2777589559555054","1.2777589559555054","1.2777589559555054"
"3299","395","395","395","1.2769882678985596","1.2769882678985596","1.2769882678985596"
"3349","401","401","401","1.2778197526931763","1.2778197526931763","1.2778197526931763"
"3399","407","407","407","1.277369499206543","1.277369499206543","1.277369499206543"
"3449","413","413","413","1.2769622802734375","1.2769622802734375","1.2769622802734375"
"3499","419","419","419","1.2766404151916504","1.2766404151916504","1.2766404151916504"
"3549","425","425","425","1.2766482830047607","1.2766482830047607","1.2766482830047607"
"3599","431","431","431","1.276625394821167","1.276625394821167","1.276625394821167"
"3649","437","437","437","1.2765178680419922","1.2765178680419922","1.2765178680419922"
"3699","443","443","443","1.2762062549591064","1.2762062549591064","1.2762062549591064"
"3749","449","449","449","1.2760810852050781","1.2760810852050781","1.2760810852050781"
"3799","455","455","455","1.2754050493240356","1.2754050493240356","1.2754050493240356"
"3849","461","461","461","1.2749137878417969","1.2749137878417969","1.2749137878417969"
"3899","467","467","467","1.274930715560913","1.274930715560913","1.274930715560913"
"3949","473","473","473","1.2748663425445557","1.2748663425445557","1.2748663425445557"
"3999","479","479","479","1.2749660015106201","1.2749660015106201","1.2749660015106201"
"4049","485","485","485","1.2746565341949463","1.2746565341949463","1.2746565341949463"
"4099","491","491","491","1.2753486633300781","1.2753486633300781","1.2753486633300781"
"4149","497","497","497","1.2744405269622803","1.2744405269622803","1.2744405269622803"
"4199","503","503","503","1.2740541696548462","1.2740541696548462","1.2740541696548462"
"4249","509","509","509","1.2740919589996338","1.2740919589996338","1.2740919589996338"
"4299","515","515","515","1.2737597227096558","1.2737597227096558","1.2737597227096558"
"4349","521","521","521","1.2738713026046753","1.2738713026046753","1.2738713026046753"
"4399","527","527","527","1.2739752531051636","1.2739752531051636","1.2739752531051636"
"4449","533","533","533","1.273022174835205","1.273022174835205","1.273022174835205"
"4499","539","539","539","1.2729885578155518","1.2729885578155518","1.2729885578155518"
"4549","545","545","545","1.2730302810668945","1.2730302810668945","1.2730302810668945"
"4599","551","551","551","1.27352774143219","1.27352774143219","1.27352774143219"
"4649","557","557","557","1.2723639011383057","1.2723639011383057","1.2723639011383057"
"4699","563","563","563","1.272221565246582","1.272221565246582","1.272221565246582"
"4749","569","569","569","1.273059606552124","1.273059606552124","1.273059606552124"
"4799","575","575","575","1.2722108364105225","1.2722108364105225","1.2722108364105225"
"4849","581","581","581","1.271759271621704","1.271759271621704","1.271759271621704"
"4899","587","587","587","1.272317886352539","1.272317886352539","1.272317886352539"
"4949","593","593","593","1.2718772888183594","1.2718772888183594","1.2718772888183594"
"4999","599","599","599","1.271552562713623","1.271552562713623","1.271552562713623"
"5049","605","605","605","1.2711176872253418","1.2711176872253418","1.2711176872253418"
"5099","611","611","611","1.27138090133667","1.27138090133667","1.27138090133667"
"5149","617","617","617","1.2707446813583374","1.2707446813583374","1.2707446813583374"
"5199","623","623","623","1.270952820777893","1.270952820777893","1.270952820777893"
"5249","629","629","629","1.2704150676727295","1.2704150676727295","1.2704150676727295"
"5299","635","635","635","1.2706825733184814","1.2706825733184814","1.2706825733184814"
"5349","641","641","641","1.2706859111785889","1.2706859111785889","1.2706859111785889"
"5399","647","647","647","1.2702561616897583","1.2702561616897583","1.2702561616897583"
"5449","653","653","653","1.2706294059753418","1.2706294059753418","1.2706294059753418"
"5499","659","659","659","1.2699344158172607","1.2699344158172607","1.2699344158172607"
"5549","665","665","665","1.26979398727417","1.26979398727417","1.26979398727417"
"5599","671","671","671","1.2698824405670166","1.2698824405670166","1.2698824405670166"
"5649","677","677","677","1.2698850631713867","1.2698850631713867","1.2698850631713867"
"5699","683","683","683","1.2691199779510498","1.2691199779510498","1.2691199779510498"
"5749","689","689","689","1.2691361904144287","1.2691361904144287","1.2691361904144287"
"5799","695","695","695","1.268949270248413","1.268949270248413","1.268949270248413"
"5849","701","701","701","1.268813967704773","1.268813967704773","1.268813967704773"
"5899","707","707","707","1.2687151432037354","1.2687151432037354","1.2687151432037354"
"5949","713","713","713","1.2686866521835327","1.2686866521835327","1.2686866521835327"
"5999","719","719","719","1.2681593894958496","1.2681593894958496","1.2681593894958496"
"6049","725","725","725","1.268869161605835","1.268869161605835","1.268869161605835"
"6099","731","731","731","1.2682437896728516","1.2682437896728516","1.2682437896728516"
"6149","737","737","737","1.2681291103363037","1.2681291103363037","1.2681291103363037"
"6199","743","743","743","1.2681629657745361","1.2681629657745361","1.2681629657745361"
"6249","749","749","749","1.2680397033691406","1.2680397033691406","1.2680397033691406"
"6299","755","755","755","1.267971158027649","1.267971158027649","1.267971158027649"
"6349","761","761","761","1.2678005695343018","1.2678005695343018","1.2678005695343018"
"6399","767","767","767","1.2678015232086182","1.2678015232086182","1.2678015232086182"
"6449","773","773","773","1.26729416847229","1.26729416847229","1.26729416847229"
"6499","779","779","779","1.2671310901641846","1.2671310901641846","1.2671310901641846"
"6549","785","785","785","1.2674490213394165","1.2674490213394165","1.2674490213394165"
"6599","791","791","791","1.2675459384918213","1.2675459384918213","1.2675459384918213"
"6649","797","797","797","1.2669744491577148","1.2669744491577148","1.2669744491577148"
"6699","803","803","803","1.2669262886047363","1.2669262886047363","1.2669262886047363"
"6749","809","809","809","1.2673115730285645","1.2673115730285645","1.2673115730285645"
"6799","815","815","815","1.2672743797302246","1.2672743797302246","1.2672743797302246"
"6849","821","821","821","1.266969919204712","1.266969919204712","1.266969919204712"
"6899","827","827","827","1.26677668094635","1.26677668094635","1.26677668094635"
"6949","833","833","833","1.267343282699585","1.267343282699585","1.267343282699585"
"6999","839","839","839","1.2660479545593262","1.2660479545593262","1.2660479545593262"
"7049","845","845","845","1.2662618160247803","1.2662618160247803","1.2662618160247803"
"7099","851","851","851","1.2663722038269043","1.2663722038269043","1.2663722038269043"
"7149","857","857","857","1.2661263942718506","1.2661263942718506","1.2661263942718506"
"7199","863","863","863","1.2662806510925293","1.2662806510925293","1.2662806510925293"
"7249","869","869","869","1.26621675491333","1.26621675491333","1.26621675491333"
"7299","875","875","875","1.2658884525299072","1.2658884525299072","1.2658884525299072"
"7349","881","881","881","1.2665648460388184","1.2665648460388184","1.2665648460388184"
"7399","887","887","887","1.2655425071716309","1.2655425071716309","1.2655425071716309"
"7449","893","893","893","1.2662994861602783","1.2662994861602783","1.2662994861602783"
"7499","899","899","899","1.2660298347473145","1.2660298347473145","1.2660298347473145"
"7549","905","905","905","1.2657701969146729","1.2657701969146729","1.2657701969146729"
"7599","911","911","911","1.2654457092285156","1.2654457092285156","1.2654457092285156"
"7649","917","917","917","1.2649438381195068","1.2649438381195068","1.2649438381195068"
"7699","923","923","923","1.2648835182189941","1.2648835182189941","1.2648835182189941"
"7749","929","929","929","1.2650424242019653","1.2650424242019653","1.2650424242019653"
"7799","935","935","935","1.2650783061981201","1.2650783061981201","1.2650783061981201"
"7849","941","941","941","1.2651054859161377","1.2651054859161377","1.2651054859161377"
"7899","947","947","947","1.2651227712631226","1.2651227712631226","1.2651227712631226"
"7949","953","953","953","1.265395164489746","1.265395164489746","1.265395164489746"
"7999","959","959","959","1.2651386260986328","1.2651386260986328","1.2651386260986328"
"8049","965","965","965","1.2646249532699585","1.2646249532699585","1.2646249532699585"
"8099","971","971","971","1.2643332481384277","1.2643332481384277","1.2643332481384277"
"8149","977","977","977","1.2642364501953125","1.2642364501953125","1.2642364501953125"
"8199","983","983","983","1.264153242111206","1.264153242111206","1.264153242111206"
"8249","989","989","989","1.2647175788879395","1.2647175788879395","1.2647175788879395"
"8299","995","995","995","1.2647998332977295","1.2647998332977295","1.2647998332977295"
"8349","1001","1001","1001","1.2645609378814697","1.2645609378814697","1.2645609378814697"
"8399","1007","1007","1007","1.263939380645752","1.263939380645752","1.263939380645752"
"8449","1013","1013","1013","1.2638731002807617","1.2638731002807617","1.2638731002807617"
"8499","1019","1019","1019","1.2638061046600342","1.2638061046600342","1.2638061046600342"
"8549","1025","1025","1025","1.2638128995895386","1.2638128995895386","1.2638128995895386"
"8599","1031","1031","1031","1.2637916803359985","1.2637916803359985","1.2637916803359985"
"8649","1037","1037","1037","1.2636719942092896","1.2636719942092896","1.2636719942092896"
"8699","1043","1043","1043","1.2633471488952637","1.2633471488952637","1.2633471488952637"
"8749","1049","1049","1049","1.2639049291610718","1.2639049291610718","1.2639049291610718"
"8799","1055","1055","1055","1.2634127140045166","1.2634127140045166","1.2634127140045166"
"8849","1061","1061","1061","1.2630776166915894","1.2630776166915894","1.2630776166915894"
"8899","1067","1067","1067","1.263120412826538","1.263120412826538","1.263120412826538"
"8949","1073","1073","1073","1.2634656429290771","1.2634656429290771","1.2634656429290771"
"8999","1079","1079","1079","1.2633041143417358","1.2633041143417358","1.2633041143417358"
"9049","1085","1085","1085","1.26287043094635","1.26287043094635","1.26287043094635"
"9099","1091","1091","1091","1.2631454467773438","1.2631454467773438","1.2631454467773438"
"9149","1097","1097","1097","1.262723445892334","1.262723445892334","1.262723445892334"
"9199","1103","1103","1103","1.2626135349273682","1.2626135349273682","1.2626135349273682"
"9249","1109","1109","1109","1.2629528045654297","1.2629528045654297","1.2629528045654297"
"9299","1115","1115","1115","1.2629356384277344","1.2629356384277344","1.2629356384277344"
"9349","1121","1121","1121","1.2628026008605957","1.2628026008605957","1.2628026008605957"
"9399","1127","1127","1127","1.262500286102295","1.262500286102295","1.262500286102295"
"9449","1133","1133","1133","1.2630178928375244","1.2630178928375244","1.2630178928375244"
"9499","1139","1139","1139","1.2623708248138428","1.2623708248138428","1.2623708248138428"
"9549","1145","1145","1145","1.2624931335449219","1.2624931335449219","1.2624931335449219"
"9599","1151","1151","1151","1.2622871398925781","1.2622871398925781","1.2622871398925781"
"9649","1157","1157","1157","1.2625088691711426","1.2625088691711426","1.2625088691711426"
"9699","1163","1163","1163","1.2622230052947998","1.2622230052947998","1.2622230052947998"
"9749","1169","1169","1169","1.2621328830718994","1.2621328830718994","1.2621328830718994"
"9799","1175","1175","1175","1.2624975442886353","1.2624975442886353","1.2624975442886353"
"9849","1181","1181","1181","1.2621185779571533","1.2621185779571533","1.2621185779571533"
"9899","1187","1187","1187","1.2621147632598877","1.2621147632598877","1.2621147632598877"
"9949","1193","1193","1193","1.2619218826293945","1.2619218826293945","1.2619218826293945"
"9999","1199","1199","1199","1.261972188949585","1.261972188949585","1.261972188949585"
"10049","1205","1205","1205","1.2618281841278076","1.2618281841278076","1.2618281841278076"
"10099","1211","1211","1211","1.2622292041778564","1.2622292041778564","1.2622292041778564"
"10149","1217","1217","1217","1.261557936668396","1.261557936668396","1.261557936668396"
"10199","1223","1223","1223","1.261889934539795","1.261889934539795","1.261889934539795"
"10249","1229","1229","1229","1.2614926099777222","1.2614926099777222","1.2614926099777222"
"10299","1235","1235","1235","1.2613704204559326","1.2613704204559326","1.2613704204559326"
"10349","1241","1241","1241","1.2614707946777344","1.2614707946777344","1.2614707946777344"
"10399","1247","1247","1247","1.2617301940917969","1.2617301940917969","1.2617301940917969"
"10449","1253","1253","1253","1.26194167137146","1.26194167137146","1.26194167137146"
"10499","1259","1259","1259","1.2613999843597412","1.2613999843597412","1.2613999843597412"
"10549","1265","1265","1265","1.2614470720291138","1.2614470720291138","1.2614470720291138"
"10599","1271","1271","1271","1.261325478553772","1.261325478553772","1.261325478553772"
"10649","1277","1277","1277","1.2615381479263306","1.2615381479263306","1.2615381479263306"
"10699","1283","1283","1283","1.2608203887939453","1.2608203887939453","1.2608203887939453"
"10749","1289","1289","1289","1.2609632015228271","1.2609632015228271","1.2609632015228271"
"10799","1295","1295","1295","1.2612242698669434","1.2612242698669434","1.2612242698669434"
"10849","1301","1301","1301","1.2607320547103882","1.2607320547103882","1.2607320547103882"
"10899","1307","1307","1307","1.261258602142334","1.261258602142334","1.261258602142334"
"10949","1313","1313","1313","1.2604514360427856","1.2604514360427856","1.2604514360427856"
"10999","1319","1319","1319","1.2609455585479736","1.2609455585479736","1.2609455585479736"
"11049","1325","1325","1325","1.2604390382766724","1.2604390382766724","1.2604390382766724"
"11099","1331","1331","1331","1.2609723806381226","1.2609723806381226","1.2609723806381226"
"11149","1337","1337","1337","1.2605211734771729","1.2605211734771729","1.2605211734771729"
"11199","1343","1343","1343","1.2603187561035156","1.2603187561035156","1.2603187561035156"
"11249","1349","1349","1349","1.260873794555664","1.260873794555664","1.260873794555664"
"11299","1355","1355","1355","1.2600799798965454","1.2600799798965454","1.2600799798965454"
"11349","1361","1361","1361","1.2604423761367798","1.2604423761367798","1.2604423761367798"
"11399","1367","1367","1367","1.2600595951080322","1.2600595951080322","1.2600595951080322"
"11449","1373","1373","1373","1.2602392435073853","1.2602392435073853","1.2602392435073853"
"11499","1379","1379","1379","1.2603700160980225","1.2603700160980225","1.2603700160980225"
"11549","1385","1385","1385","1.2597877979278564","1.2597877979278564","1.2597877979278564"
"11599","1391","1391","1391","1.2602380514144897","1.2602380514144897","1.2602380514144897"
"11649","1397","1397","1397","1.2598224878311157","1.2598224878311157","1.2598224878311157"
"11699","1403","1403","1403","1.2596449851989746","1.2596449851989746","1.2596449851989746"
"11749","1409","1409","1409","1.260077953338623","1.260077953338623","1.260077953338623"
"11799","1415","1415","1415","1.2601689100265503","1.2601689100265503","1.2601689100265503"
"11849","1421","1421","1421","1.2604358196258545","1.2604358196258545","1.2604358196258545"
"11899","1427","1427","1427","1.2597851753234863","1.2597851753234863","1.2597851753234863"
"11949","1433","1433","1433","1.2592711448669434","1.2592711448669434","1.2592711448669434"
"11999","1439","1439","1439","1.2596664428710938","1.2596664428710938","1.2596664428710938"
"12049","1445","1445","1445","1.2590534687042236","1.2590534687042236","1.2590534687042236"
"12099","1451","1451","1451","1.259691834449768","1.259691834449768","1.259691834449768"
"12149","1457","1457","1457","1.2595055103302002","1.2595055103302002","1.2595055103302002"
"12199","1463","1463","1463","1.2596161365509033","1.2596161365509033","1.2596161365509033"
"12249","1469","1469","1469","1.259513258934021","1.259513258934021","1.259513258934021"
"12299","1475","1475","1475","1.2592990398406982","1.2592990398406982","1.2592990398406982"
"12349","1481","1481","1481","1.2594633102416992","1.2594633102416992","1.2594633102416992"
"12399","1487","1487","1487","1.25948965549469","1.25948965549469","1.25948965549469"
"12449","1493","1493","1493","1.2591626644134521","1.2591626644134521","1.2591626644134521"
"12499","1499","1499","1499","1.2593090534210205","1.2593090534210205","1.2593090534210205"
"12549","1505","1505","1505","1.258987307548523","1.258987307548523","1.258987307548523"
"12599","1511","1511","1511","1.258971095085144","1.258971095085144","1.258971095085144"
"12649","1517","1517","1517","1.2589871883392334","1.2589871883392334","1.2589871883392334"
"12699","1523","1523","1523","1.2595655918121338","1.2595655918121338","1.2595655918121338"
"12749","1529","1529","1529","1.2589144706726074","1.2589144706726074","1.2589144706726074"
"12799","1535","1535","1535","1.2594490051269531","1.2594490051269531","1.2594490051269531"
"12849","1541","1541","1541","1.259482979774475","1.259482979774475","1.259482979774475"
"12899","1547","1547","1547","1.2591917514801025","1.2591917514801025","1.2591917514801025"
"12949","1553","1553","1553","1.25864839553833","1.25864839553833","1.25864839553833"
"12999","1559","1559","1559","1.2589945793151855","1.2589945793151855","1.2589945793151855"
"13049","1565","1565","1565","1.2584972381591797","1.2584972381591797","1.2584972381591797"
"13099","1571","1571","1571","1.2584811449050903","1.2584811449050903","1.2584811449050903"
"13149","1577","1577","1577","1.2586877346038818","1.2586877346038818","1.2586877346038818"
"13199","1583","1583","1583","1.2583383321762085","1.2583383321762085","1.2583383321762085"
"13249","1589","1589","1589","1.258434534072876","1.258434534072876","1.258434534072876"
"13299","1595","1595","1595","1.2581982612609863","1.2581982612609863","1.2581982612609863"
"13349","1601","1601","1601","1.2584965229034424","1.2584965229034424","1.2584965229034424"
"13399","1607","1607","1607","1.2580962181091309","1.2580962181091309","1.2580962181091309"
"13449","1613","1613","1613","1.2582250833511353","1.2582250833511353","1.2582250833511353"
"13499","1619","1619","1619","1.2581212520599365","1.2581212520599365","1.2581212520599365"
"13549","1625","1625","1625","1.2583719491958618","1.2583719491958618","1.2583719491958618"
"13599","1631","1631","1631","1.2578264474868774","1.2578264474868774","1.2578264474868774"
"13649","1637","1637","1637","1.2582001686096191","1.2582001686096191","1.2582001686096191"
"13699","1643","1643","1643","1.2579193115234375","1.2579193115234375","1.2579193115234375"
"13749","1649","1649","1649","1.2577977180480957","1.2577977180480957","1.2577977180480957"
"13799","1655","1655","1655","1.2583489418029785","1.2583489418029785","1.2583489418029785"
"13849","1661","1661","1661","1.2578729391098022","1.2578729391098022","1.2578729391098022"
"13899","1667","1667","1667","1.2577553987503052","1.2577553987503052","1.2577553987503052"
"13949","1673","1673","1673","1.2576237916946411","1.2576237916946411","1.2576237916946411"
"13999","1679","1679","1679","1.2575700283050537","1.2575700283050537","1.2575700283050537"
"14049","1685","1685","1685","1.257552146911621","1.257552146911621","1.257552146911621"
"14099","1691","1691","1691","1.2574998140335083","1.2574998140335083","1.2574998140335083"
"14149","1697","1697","1697","1.2573602199554443","1.2573602199554443","1.2573602199554443"
"14199","1703","1703","1703","1.2575738430023193","1.2575738430023193","1.2575738430023193"
"14249","1709","1709","1709","1.2575653791427612","1.2575653791427612","1.2575653791427612"
"14299","1715","1715","1715","1.2573788166046143","1.2573788166046143","1.2573788166046143"
"14349","1721","1721","1721","1.2574348449707031","1.2574348449707031","1.2574348449707031"
"14399","1727","1727","1727","1.2574503421783447","1.2574503421783447","1.2574503421783447"
"14449","1733","1733","1733","1.2575652599334717","1.2575652599334717","1.2575652599334717"
"14499","1739","1739","1739","1.257214903831482","1.257214903831482","1.257214903831482"
"14549","1745","1745","1745","1.2572882175445557","1.2572882175445557","1.2572882175445557"
"14599","1751","1751","1751","1.256964087486267","1.256964087486267","1.256964087486267"
"14649","1757","1757","1757","1.2568299770355225","1.2568299770355225","1.2568299770355225"
"14699","1763","1763","1763","1.2573418617248535","1.2573418617248535","1.2573418617248535"
"14749","1769","1769","1769","1.2569899559020996","1.2569899559020996","1.2569899559020996"
"14799","1775","1775","1775","1.2570029497146606","1.2570029497146606","1.2570029497146606"
"14849","1781","1781","1781","1.2569146156311035","1.2569146156311035","1.2569146156311035"
"14899","1787","1787","1787","1.2571123838424683","1.2571123838424683","1.2571123838424683"
"14949","1793","1793","1793","1.2566585540771484","1.2566585540771484","1.2566585540771484"
"14999","1799","1799","1799","1.2568411827087402","1.2568411827087402","1.2568411827087402"
"15049","1805","1805","1805","1.2570470571517944","1.2570470571517944","1.2570470571517944"
"15099","1811","1811","1811","1.257009506225586","1.257009506225586","1.257009506225586"
"15149","1817","1817","1817","1.2566382884979248","1.2566382884979248","1.2566382884979248"
"15199","1823","1823","1823","1.2569384574890137","1.2569384574890137","1.2569384574890137"
"15249","1829","1829","1829","1.2569565773010254","1.2569565773010254","1.2569565773010254"
"15299","1835","1835","1835","1.2569160461425781","1.2569160461425781","1.2569160461425781"
"15349","1841","1841","1841","1.2567863464355469","1.2567863464355469","1.2567863464355469"
"15399","1847","1847","1847","1.2567481994628906","1.2567481994628906","1.2567481994628906"
"15449","1853","1853","1853","1.2568402290344238","1.2568402290344238","1.2568402290344238"
"15499","1859","1859","1859","1.2564418315887451","1.2564418315887451","1.2564418315887451"
"15549","1865","1865","1865","1.2564589977264404","1.2564589977264404","1.2564589977264404"
"15599","1871","1871","1871","1.2565488815307617","1.2565488815307617","1.2565488815307617"
"15649","1877","1877","1877","1.256699562072754","1.256699562072754","1.256699562072754"
"15699","1883","1883","1883","1.2564611434936523","1.2564611434936523","1.2564611434936523"
"15749","1889","1889","1889","1.256229281425476","1.256229281425476","1.256229281425476"
"15799","1895","1895","1895","1.256326675415039","1.256326675415039","1.256326675415039"
"15849","1901","1901","1901","1.2560418844223022","1.2560418844223022","1.2560418844223022"
"15899","1907","1907","1907","1.256300926208496","1.256300926208496","1.256300926208496"
"15949","1913","1913","1913","1.2563539743423462","1.2563539743423462","1.2563539743423462"
"15999","1919","1919","1919","1.2561944723129272","1.2561944723129272","1.2561944723129272"
"16049","1925","1925","1925","1.2562012672424316","1.2562012672424316","1.2562012672424316"
"16099","1931","1931","1931","1.2560670375823975","1.2560670375823975","1.2560670375823975"
"16149","1937","1937","1937","1.2559499740600586","1.2559499740600586","1.2559499740600586"
"16199","1943","1943","1943","1.2557425498962402","1.2557425498962402","1.2557425498962402"
"16249","1949","1949","1949","1.2557096481323242","1.2557096481323242","1.2557096481323242"
"16299","1955","1955","1955","1.255798101425171","1.255798101425171","1.255798101425171"
"16349","1961","1961","1961","1.2558724880218506","1.2558724880218506","1.2558724880218506"
"16399","1967","1967","1967","1.2562345266342163","1.2562345266342163","1.2562345266342163"
"16449","1973","1973","1973","1.2563085556030273","1.2563085556030273","1.2563085556030273"
"16499","1979","1979","1979","1.2560940980911255","1.2560940980911255","1.2560940980911255"
"16549","1985","1985","1985","1.2557315826416016","1.2557315826416016","1.2557315826416016"
"16599","1991","1991","1991","1.2559330463409424","1.2559330463409424","1.2559330463409424"
"16649","1997","1997","1997","1.255995750427246","1.255995750427246","1.255995750427246"
"16699","2003","2003","2003","1.2559669017791748","1.2559669017791748","1.2559669017791748"
"16749","2009","2009","2009","1.2556688785552979","1.2556688785552979","1.2556688785552979"
"16799","2015","2015","2015","1.2556681632995605","1.2556681632995605","1.2556681632995605"
"16849","2021","2021","2021","1.255815029144287","1.255815029144287","1.255815029144287"
"16899","2027","2027","2027","1.255692720413208","1.255692720413208","1.255692720413208"
"16949","2033","2033","2033","1.2558338642120361","1.2558338642120361","1.2558338642120361"